"id","frame","x [nm]","y [nm]","sigma [nm]","intensity [photon]","offset [photon]","bkgstd [photon]","uncertainty_xy [nm]"
1,1,582.265,2603.50738,160.94011,308.51872,5.95083,1.37338,15.84796
2,1,783.3457,31944.15139,158.57304,412.19819,9.8723,1.01777,12.58268
3,1,749.10497,77168.38991,177.90188,116.26485,8.94946,0.40931,25.97426
4,1,800.96375,35940.16831,143.3578,461.67245,22.19755,8.21528,21.36525
5,1,811.66988,37763.29254,137.15096,165.73359,9.12762,0.68478,17.13452
6,1,1023.8206,24055.44276,145.17674,223.99539,7.46939,0.67114,15.36328
7,1,1101.97083,70342.98212,175.79516,101.60329,8.4682,0.613,29.16241
8,1,1031.38073,75036.76106,154.09771,218.07317,8.11768,0.44695,16.03521
9,1,959.77302,35581.9819,325.75323,838.93919,8.73624,7.96083,49.77141
10,1,1717.2657,15685.2028,143.84183,515.64148,8.35368,1.53639,10.5473
11,1,1739.87485,37020.73446,137.36047,475.39961,11.36347,1.08961,10.06506
12,1,1716.89219,77804.48415,154.26722,157.28408,9.0858,0.59599,19.65932
13,1,1789.43427,33241.79906,149.71244,134.80382,8.76673,0.31954,19.69024
14,1,2036.45519,19926.07039,148.59169,164.15657,6.61138,0.59962,18.46733
15,1,2466.16524,78608.58598,158.96339,251.96451,9.37928,0.81752,16.18987
16,1,2612.03889,73872.02798,183.70132,183.23309,8.41951,0.47246,21.23187
17,1,3001.25188,2380.59227,176.91387,353.27961,6.4893,4.34593,24.66056
18,1,2957.65075,77534.77624,190.31674,102.23216,9.18476,0.49637,30.73164
19,1,3228.58996,16602.95412,148.15726,552.8215,9.74824,2.30783,11.29618
20,1,3721.07078,10364.90314,144.46869,456.66908,8.091,1.63983,11.4948
21,1,3953.93302,67589.39633,178.51281,133.01631,8.77282,0.61556,25.40556
22,1,3986.93122,78891.49144,158.64927,110.19447,7.92085,0.36574,23.48291
23,1,4308.38499,28380.26184,136.69622,247.5617,7.78273,0.79187,13.88786
24,1,4322.80662,55674.59789,148.71787,299.22655,8.23541,0.84159,13.74762
25,1,4314.8912,76880.23534,177.10036,100.61556,8.19827,0.37031,27.71215
26,1,4474.18501,32941.77276,157.08804,170.5141,9.4573,2.39176,26.73549
27,1,4867.60736,12191.50687,143.39059,189.70445,7.04129,0.53823,16.27932
28,1,5088.37283,66443.54065,358.96658,1157.69767,6.53955,9.84064,52.82698
29,1,5098.96975,61243.1982,152.95169,327.18603,9.16,0.81622,13.43316
30,1,5123.34966,33491.15245,160.9964,320.44558,10.5649,1.14807,15.01675
31,1,5344.96624,45513.63661,162.05984,239.65136,12.30196,1.25204,18.24861
32,1,5402.75242,66179.95393,311.40248,1226.40653,10.11023,9.77301,38.43946
33,1,5594.76029,44606.83241,181.90565,393.75228,11.6241,1.52703,16.11202
34,1,5867.16896,35518.1894,150.89847,179.23945,8.64174,0.40431,17.31146
35,1,5775.87688,57381.60019,184.64601,249.50839,9.86522,0.64731,18.60074
36,1,5956.24062,25497.47536,143.97536,276.88024,7.39969,0.64586,13.52383
37,1,6126.02947,2357.04856,146.73547,119.72017,5.15388,0.56862,21.58848
38,1,6296.45274,10795.30411,167.01837,795.4631,10.92077,3.24125,11.33252
39,1,6293.14231,20855.89029,141.81888,292.04659,7.81886,0.70578,13.03377
40,1,6268.08822,51703.17789,142.09527,563.17093,12.38302,2.45336,10.79036
41,1,6273.99823,79191.79859,151.98957,261.83655,9.45056,1.44096,16.54564
42,1,6499.97091,63462.72662,150.08174,319.43724,10.07053,0.6913,13.13697
43,1,6616.85183,33975.55823,157.63144,175.05974,9.25238,0.43485,18.42416
44,1,6603.39694,47347.32776,162.23747,408.64663,11.77482,0.90486,12.7814
45,1,7103.10275,44453.62224,135.50679,517.68749,14.24817,5.95652,14.79793
46,1,7068.37398,52329.63835,174.39795,253.57281,10.92593,1.79929,21.07396
47,1,6983.22216,79514.41496,199.01265,142.1795,7.52237,1.23677,32.37484
48,1,7464.50686,59947.46991,187.80915,424.27098,12.50593,1.03218,14.9095
49,1,7542.75999,67468.55195,154.04119,330.23289,9.96542,0.74049,13.33629
50,1,7531.72725,76456.19755,155.85787,265.49777,8.77105,0.59586,14.91262
51,1,7786.91269,44930.22983,124.58819,367.88579,17.26207,8.31011,20.96176
52,1,8008.86113,18198.18727,148.12972,232.95695,8.29513,0.79188,15.62916
53,1,8018.88607,63074.92178,148.85052,353.00899,10.34449,0.61169,12.22726
54,1,8108.13418,74347.94972,151.74322,180.25398,8.20286,0.43311,17.43885
55,1,8249.55672,31755.82538,140.46395,478.48142,9.36133,1.31018,10.49086
56,1,8400.77881,19572.94226,136.89528,250.99875,8.28717,0.89579,13.99421
57,1,8422.27282,59234.62133,165.01461,220.93107,12.25593,1.05745,18.92519
58,1,8576.68394,48901.52717,134.19705,489.44038,17.38113,8.72437,19.11899
59,1,8869.01272,12358.54874,144.92607,223.24294,7.12418,0.59187,15.18911
60,1,8802.10634,35284.1089,153.7601,352.89138,9.25466,0.65194,12.70172
61,1,8934.41308,48715.58171,339.92369,1019.40591,8.99546,9.40009,51.71306
62,1,9480.335,2764.9103,149.7922,165.46469,5.73199,0.8157,19.27166
63,1,9694.95909,59515.76751,150.79492,461.60206,11.54684,0.86472,11.02048
64,1,9755.73384,67417.2492,190.61767,267.3905,10.17042,0.55611,18.233
65,1,9885.1585,18171.01201,155.93102,565.78697,9.87481,1.71817,11.12604
66,1,10194.37779,44768.31828,148.1895,840.51434,12.11751,2.19722,8.6969
67,1,10348.83391,14860.55431,156.67769,868.03011,10.40461,2.73694,9.50145
68,1,10631.73425,64356.4319,148.9,292.6021,9.10368,0.54924,13.42185
69,1,11518.75773,69943.11748,157.26788,478.5431,10.15225,1.27815,11.80887
70,1,11645.52512,7736.44402,138.96869,229.07655,8.55999,3.02206,20.30414
71,1,11548.94239,9247.3314,141.59468,224.90197,7.63453,1.02869,15.73207
72,1,11536.14142,58315.06265,186.15101,555.69007,13.59156,1.11862,12.80392
73,1,11527.80217,73914.74934,170.56571,1075.16382,14.99348,2.08388,8.73017
74,1,11902.11095,20139.28893,143.96121,289.51075,8.47051,0.82328,13.49931
75,1,12083.66954,51584.6754,180.47059,223.96974,10.40673,0.61781,19.17178
76,1,12301.09234,7922.4182,121.27856,186.44482,11.37725,5.22105,26.05645
77,1,12364.61536,46212.44956,172.27024,200.32518,9.63074,0.44201,18.80427
78,1,12635.50632,18315.44102,142.57472,273.89974,8.78653,0.69008,13.5438
79,1,12598.4783,55432.62602,184.89308,447.41163,12.52777,1.16509,14.47218
80,1,12776.34959,34714.4321,167.69323,287.16243,8.74051,0.73785,15.74545
81,1,12640.88238,70503.71781,186.98435,196.489,10.52639,0.75192,22.02352
82,1,12771.59455,75314.7617,154.05391,257.31043,11.54131,0.79295,15.41639
83,1,13089.25242,74216.46368,156.1317,408.87749,13.27485,0.94005,12.31934
84,1,13494.97866,59281.1471,148.40283,385.95473,11.40977,0.84259,11.92349
85,1,13881.05211,53020.8723,148.54603,646.17606,12.32989,1.48373,9.55235
86,1,13987.14991,42783.60162,140.86645,338.34937,9.39788,0.87853,12.19066
87,1,14121.62486,19379.81174,139.56059,506.32557,10.69332,1.67349,10.45309
88,1,14227.92185,34602.77477,153.71868,433.72733,9.7546,0.89925,11.67631
89,1,14290.96405,50340.38483,143.55049,391.99639,11.21627,0.98827,11.60515
90,1,14717.8168,16256.24044,140.96146,287.67167,9.42478,1.23838,13.97851
91,1,14663.98087,78527.21708,186.03586,157.72427,9.01203,0.38272,22.91574
92,1,15044.44628,74035.71996,216.7043,227.12603,10.84818,1.13216,26.00455
93,1,15112.79016,27689.08588,155.99908,518.27169,10.17888,1.11553,10.99735
94,1,15068.92629,73050.84888,188.34853,506.1196,14.83595,1.26797,13.9434
95,1,15282.57957,9124.31318,145.74693,625.41465,9.76275,1.81216,9.82244
96,1,15309.01773,49731.72429,165.68118,285.59395,11.04748,0.84762,15.84743
97,1,15264.64091,52030.94719,167.0128,255.43548,11.82281,0.48893,16.10205
98,1,15378.76878,18114.53721,135.75447,322.15346,10.33845,1.14639,12.43425
99,1,15376.3262,80517.32745,157.12623,675.543,11.5496,1.514,9.92497
100,1,15739.00985,8297.12056,139.7403,170.25206,8.22616,1.51511,19.80005
101,1,15737.64018,77571.19412,182.11128,106.66055,9.17672,0.47245,28.39788
102,1,16053.92001,16030.01298,148.8802,721.02064,11.72873,2.0452,9.44711
103,1,16077.51422,31588.34583,157.92542,270.36656,8.89928,0.77572,15.3595
104,1,16263.77653,12206.57565,148.54519,482.10315,9.35109,1.28498,11.06284
105,1,16394.54603,37152.89104,141.1987,365.6328,8.80593,0.83768,11.6576
106,1,16588.11145,41055.26007,171.32874,521.11288,11.05017,1.15972,12.18629
107,1,16653.82004,56601.27311,148.95837,450.00814,14.64274,3.06325,14.03391
108,1,16911.6251,62019.30285,179.99119,339.33311,10.98274,0.81316,15.6517
109,1,17011.7324,69233.88308,156.09315,568.33191,12.50008,1.46825,10.83017
110,1,17106.35006,77885.35222,232.22029,361.96276,10.2271,1.44764,22.50118
111,1,17363.19407,20547.821,181.62076,836.47773,10.83095,6.13925,15.90012
112,1,17293.59093,55714.58955,182.69924,903.81955,19.70736,2.06346,10.4396
113,1,17442.06943,17333.02071,145.64032,263.66365,9.77431,0.4994,13.78606
114,1,17508.96477,23620.8742,137.95834,326.90769,8.77531,1.07458,12.43897
115,1,17576.41767,26366.14558,145.00124,246.23613,8.50119,0.8326,14.90113
116,1,17675.42542,58965.91278,184.46952,358.26438,13.61273,0.92296,15.84649
117,1,17918.53335,5953.38318,143.46329,169.00043,6.16402,0.55433,17.38796
118,1,18387.00066,13331.93867,140.28403,367.86747,10.55535,1.73191,12.77644
119,1,18341.5273,69727.604,191.72035,159.47996,12.76593,0.48203,24.03567
120,1,18388.63722,72086.555,195.75421,988.12004,17.4604,2.47399,11.15251
121,1,18428.15712,47122.34391,150.49386,876.82459,13.02835,2.23047,8.65342
122,1,18662.76253,72985.02749,168.50987,314.89863,14.95638,3.24153,21.62925
123,1,18820.55576,27001.10478,156.05262,376.25909,9.91759,0.90355,12.83811
124,1,18804.05186,53872.5256,184.248,379.85287,13.53004,1.15604,15.83433
125,1,18934.42747,11639.06746,139.74573,284.78226,8.23422,0.88179,13.30409
126,1,18984.66346,55551.73932,176.11072,592.88201,20.64941,8.79102,25.2219
127,1,18931.041,60408.60205,189.55871,356.3724,13.73489,0.94033,16.42155
128,1,19078.49778,2471.94779,136.76517,665.19852,16.24204,10.04175,16.74352
129,1,19359.67784,17665.24316,138.87374,457.61951,9.99641,1.63435,10.98471
130,1,19510.4823,69418.02254,184.95102,257.18394,12.84437,1.06389,19.71875
131,1,19699.33598,13801.07395,258.18614,1070.32808,7.37957,12.19954,37.41791
132,1,19821.86191,45066.63004,162.55779,385.06932,10.61793,0.79025,13.05133
133,1,19921.27175,29651.8263,158.18659,297.86959,9.32987,0.5862,14.21125
134,1,20240.70881,3410.89768,139.3826,257.56964,10.43816,3.06586,18.87711
135,1,20311.69135,79809.40275,201.6597,97.00289,7.9703,0.31897,31.99038
136,1,20337.99924,14653.4812,126.92481,371.22443,14.66523,7.0284,19.18363
137,1,20342.72976,66889.5874,151.81375,482.91142,11.51507,1.09977,11.09528
138,1,20326.30846,73845.58346,166.59355,1172.14151,16.53586,3.0915,8.73029
139,1,20622.69525,49791.79967,168.05139,434.40325,10.59252,0.92975,12.86559
140,1,20485.36703,69990.11655,189.6245,283.16603,14.37955,0.91201,18.66543
141,1,20655.35297,7431.71171,137.95332,239.91196,6.91886,0.66188,14.01964
142,1,20777.9147,69023.73491,151.27596,344.90601,13.69654,1.58758,14.21693
143,1,20887.32315,5141.24895,145.44147,195.03702,7.18457,0.95321,17.3812
144,1,20838.35644,55732.39922,169.9328,279.50892,13.99254,0.62837,15.94491
145,1,21255.55374,61154.89779,178.68725,199.92162,12.35012,0.68322,20.46155
146,1,21872.22482,15846.39256,138.47564,298.61415,8.12992,0.66179,12.50096
147,1,21827.04476,42488.56791,174.37725,322.96394,10.61681,0.71702,15.33422
148,1,22116.28545,56615.16701,156.32463,856.59474,15.8859,2.13827,9.0862
149,1,22110.00282,71198.82673,197.9458,232.14816,11.42546,0.63558,20.83712
150,1,22522.33526,59807.53587,180.99457,1855.5786,25.79487,9.08334,10.58395
151,1,22648.48173,22780.39823,159.61673,1429.33717,16.09611,6.76513,9.34248
152,1,22695.87454,26011.46095,150.82021,868.02691,12.9146,2.5427,8.94828
153,1,22573.94537,79489.15471,194.23533,101.10571,8.24706,0.4712,31.40051
154,1,22756.88743,33984.00496,138.77149,526.163,10.68786,1.42616,9.92443
155,1,22848.86328,74710.47754,198.82872,196.50179,10.19569,0.53064,22.4989
156,1,23164.69882,27167.19898,150.91092,275.17844,11.43075,0.7699,14.4848
157,1,23158.6256,80481.31887,159.58046,306.45051,8.60244,0.69177,14.3233
158,1,23352.31524,21180.77838,150.31588,329.16615,10.41875,1.22062,13.84021
159,1,23451.84746,59604.11744,181.03365,683.8388,26.48237,9.55737,24.8074
160,1,23584.86039,53302.64761,144.67422,516.6272,12.82098,1.37917,10.43842
161,1,23913.34234,7201.98559,142.82363,230.78577,6.97237,0.6332,14.78079
162,1,24311.83271,41989.05708,164.23314,302.52172,10.20766,0.75093,14.99062
163,1,24418.0402,54165.54945,177.61496,205.02684,13.69566,0.65693,19.94163
164,1,24668.78719,59078.94172,187.46048,380.03397,15.80886,1.54597,17.10805
165,1,24946.61084,13457.16398,140.2658,321.93737,8.25031,1.35939,13.22231
166,1,24905.93958,78858.00531,206.87022,99.9571,7.60343,0.30451,32.19571
167,1,25086.33431,40551.39945,172.19303,528.66089,12.06693,1.22058,12.23876
168,1,25596.71628,29522.59649,163.97946,734.57793,15.10472,1.89758,10.27552
169,1,25504.9169,54370.37553,179.45175,544.24177,13.78448,4.9075,19.27502
170,1,25550.55638,62475.42566,176.59394,214.10953,10.26075,0.46409,18.68696
171,1,25708.12659,57849.1767,187.32746,339.00702,13.16017,0.8697,16.49632
172,1,25780.56508,72341.74425,196.50231,240.72193,10.2636,0.59145,20.08674
173,1,26225.26945,12125.48693,143.21969,405.33538,9.15931,1.64024,12.21398
174,1,26377.42082,23189.85799,156.05199,726.38767,11.71991,1.79451,9.69356
175,1,26517.46745,50677.6698,141.20941,418.54021,15.19212,3.1418,13.89114
176,1,26660.01451,29041.91002,179.1843,1663.21507,24.32265,18.96543,18.87678
177,1,26615.55051,61196.79528,189.76828,256.30802,11.40117,0.69956,19.04908
178,1,26639.63058,74426.03493,211.61236,133.91898,8.47803,0.42732,29.07537
179,1,27150.99982,51382.57218,149.31913,820.47575,16.35822,2.51515,9.13174
180,1,27550.0081,8601.87842,154.30175,996.01178,12.15344,2.62734,8.51167
181,1,27603.31538,33243.97591,146.3334,940.40571,15.27709,3.16003,8.63444
182,1,27651.79768,41678.23878,142.13821,484.04079,10.94169,1.19105,10.43093
183,1,27630.31418,48903.80228,150.70094,850.34433,15.17891,2.83621,9.27091
184,1,27721.68414,50086.55857,148.69698,841.34727,17.19236,1.99209,8.58247
185,1,27789.42823,80060.41958,157.437,158.5881,7.5513,0.45908,19.49254
186,1,27998.27272,3683.45229,139.42928,205.63661,6.01093,0.64033,15.37087
187,1,28087.79672,19509.63883,146.72258,818.22436,13.52012,3.5986,9.78665
188,1,28212.47474,7007.28672,164.81768,673.75298,10.73368,2.83154,11.93367
189,1,28197.3875,67358.43336,182.71577,297.52304,10.44079,0.661,16.72102
190,1,28453.63529,35679.36586,158.62637,1270.57991,15.85339,3.78359,8.23475
191,1,28325.59045,38364.69027,169.13335,672.52272,14.34383,1.32066,10.58113
192,1,28698.84008,20162.31653,143.99023,331.06791,13.24817,4.29858,19.13492
193,1,28691.02555,34013.7134,126.34617,549.31963,20.54982,10.49975,17.93965
194,1,28661.32151,70803.72796,152.94448,499.12859,11.21897,0.95184,10.81289
195,1,29235.81433,34563.63662,121.69179,344.63281,20.47498,11.13988,26.53734
196,1,29199.60655,59774.3513,187.35623,217.14552,10.5633,0.47493,19.76957
197,1,29482.497,26869.46687,203.93459,1145.56879,12.62687,8.96253,18.55377
198,1,29744.05544,55209.94162,164.96331,1513.86107,16.41726,4.34816,8.02454
199,1,29670.46761,65574.39085,183.48813,209.97298,9.93092,0.47865,19.71032
200,1,29860.6467,11210.70784,143.73468,220.76958,8.15458,1.11941,16.3873
201,1,29994.57086,49824.26099,149.27143,608.50209,14.39834,1.24484,9.71809
202,1,30195.99181,22471.31982,148.59023,1034.59566,14.43879,3.47653,8.48044
203,1,30164.41493,31549.96524,160.341,714.42466,13.42812,1.56177,9.8711
204,1,30412.14702,15040.40244,139.09083,326.79174,8.8254,1.3324,12.94458
205,1,30601.71998,41860.98782,144.72992,717.4994,12.47166,2.06526,9.19653
206,1,30866.08872,38419.83947,152.52866,1029.99005,14.45653,3.11605,8.53972
207,1,31071.91427,9838.04062,143.92571,350.91722,9.56719,1.79618,13.63947
208,1,31361.07899,58513.31968,193.99404,251.50158,10.21953,0.68793,19.67974
209,1,31247.22585,67421.07358,193.66255,465.64604,13.64298,0.99032,14.54275
210,1,32091.74153,18434.44837,258.0623,823.76111,7.31004,12.43105,48.53345
211,1,31950.77769,48853.17201,149.63641,963.42225,15.44977,3.04093,8.65269
212,1,31998.84882,77241.38665,213.33815,618.38613,12.13501,1.52758,14.78185
213,1,32274.86073,23904.9321,140.26519,523.84823,11.68548,1.61854,10.25077
214,1,32206.4552,36477.36461,154.45532,383.40531,11.63032,0.94433,12.62868
215,1,32282.40006,66632.99786,151.50152,495.72741,13.02598,1.06603,10.87278
216,1,32354.01529,26272.11851,148.83091,1118.43106,16.08268,3.47901,8.09471
217,1,32336.23809,73105.8991,154.22173,408.14891,10.69459,0.96919,12.21301
218,1,32614.08257,10234.19291,143.39204,549.25237,9.05127,1.35054,9.9598
219,1,32412.58208,18568.4053,230.38055,673.21964,9.98018,11.18196,43.45671
220,1,33098.32616,49918.06515,179.81917,771.10268,17.61129,1.43025,10.58264
221,1,33323.17325,32780.63294,128.48827,325.85171,14.76516,4.21202,16.40927
222,1,33525.72022,73665.82792,199.43504,132.92294,10.39776,0.51456,28.00815
223,1,34214.32959,26625.62599,142.23734,685.99117,13.14578,2.04181,9.24367
224,1,34253.49574,33115.55401,173.7526,1278.58141,17.34972,3.35722,8.87319
225,1,34508.3287,28177.68453,158.34294,551.12653,12.66417,1.12429,10.80661
226,1,34437.37579,49265.50547,168.28238,778.6313,16.11383,1.68403,10.02119
227,1,34509.63692,52817.66848,182.38648,273.56056,12.11162,0.78128,17.83455
228,1,34561.00962,70820.71859,157.19475,523.11925,11.40936,1.06099,10.96736
229,1,34655.27971,68036.60673,197.25587,375.93153,12.24372,0.758,16.18641
230,1,34847.6399,64336.8561,187.8235,203.68841,11.70402,0.93403,22.49516
231,1,34925.4281,37684.77507,143.83985,640.1696,12.90332,1.96114,9.67867
232,1,35072.98748,79465.82354,285.64455,528.52073,7.79512,4.63139,39.37356
233,1,35195.71228,65794.76712,199.09953,735.47478,12.45279,5.16505,18.32755
234,1,35149.27549,78101.29313,192.05269,170.2756,9.44128,0.41658,22.89669
235,1,35078.89267,79574.51157,380.66953,764.62278,8.7124,5.3993,52.26584
236,1,35579.03564,22121.72954,151.63877,295.17385,9.5728,0.75031,13.96913
237,1,35821.5136,65102.98512,210.94517,401.0777,13.66847,3.40434,25.4759
238,1,36159.22545,41142.29231,171.82038,975.60978,15.51211,2.59261,9.7342
239,1,36129.73667,81343.28811,159.83274,356.23614,9.32637,0.71283,13.25191
240,1,36262.39341,4515.37208,135.24519,187.06144,6.57129,0.57605,15.53878
241,1,36904.4634,40756.27272,136.59859,274.92561,19.3975,8.4412,31.55543
242,1,36889.93743,46253.24649,161.51709,262.14099,14.87487,5.5396,31.73627
243,1,36824.95337,51783.56312,146.21006,802.6399,14.33523,2.07089,8.71354
244,1,37212.39754,19617.64319,149.95227,570.85573,11.40954,1.55139,10.42441
245,1,37434.29821,38606.239,140.10908,588.694,12.35463,1.50487,9.47619
246,1,37609.84728,46727.75005,144.53561,785.32233,15.97255,2.14993,8.7697
247,1,37871.85682,16919.6063,143.59192,248.69619,9.49143,1.11664,15.26617
248,1,38080.39086,55903.7201,187.54248,674.54611,14.0138,1.41232,11.95128
249,1,38410.20569,72429.9376,210.86873,541.5402,11.00092,6.51257,29.59412
250,1,38486.95069,33700.92765,150.19933,464.64573,15.95135,2.42976,12.95831
251,1,38587.46408,17751.09552,137.54385,429.39789,11.91793,1.37767,10.98317
252,1,38577.68641,20961.45426,152.07678,681.28518,12.5608,1.29087,9.34574
253,1,38620.29452,74810.04192,204.02297,222.04278,10.33034,0.63956,22.10441
254,1,38812.1468,34575.63444,164.19412,644.07938,15.98029,1.64856,10.84888
255,1,38847.13151,79191.3788,207.42372,138.72005,8.23986,0.32669,27.18465
256,1,39000.57557,28348.86267,144.37101,735.60715,14.99566,2.39426,9.29121
257,1,39067.81572,72576.44715,215.52793,589.95723,14.10026,2.45779,17.46488
258,1,39392.6571,4090.28896,144.26737,627.2692,8.61091,1.78081,9.66855
259,1,39553.54181,49952.96632,176.57998,635.77423,15.32361,1.44305,11.60265
260,1,39787.58944,45046.5107,142.7834,619.9599,13.56176,1.95945,9.78112
261,1,39689.90641,74047.74276,205.0688,158.47084,10.49572,0.60776,26.75509
262,1,39889.92686,33837.98497,147.67481,1071.48517,18.30978,3.0423,7.98552
263,1,40052.27287,32082.8665,168.49934,1598.42733,19.15673,7.69658,9.83377
264,1,40214.05514,5828.02606,139.27379,273.2963,7.23762,0.78403,13.39533
265,1,40247.45269,29243.59907,142.2154,699.21989,15.70831,2.03985,9.13754
266,1,40206.45875,54877.04154,167.0039,341.9832,15.02425,1.128,15.01878
267,1,40374.82359,13159.66134,143.37488,353.93414,9.88254,1.15594,12.51103
268,1,40419.0249,15820.22449,158.66636,1047.16234,15.79401,3.4671,9.09598
269,1,40515.39696,20244.94366,153.16546,661.43711,11.759,1.6034,9.85113
270,1,40507.32745,51400.02712,144.78903,735.41273,15.66187,1.98667,9.00883
271,1,40579.84077,53913.58698,153.45144,892.81068,17.0395,2.28546,8.78917
272,1,40655.38108,14772.37733,151.62838,859.19358,14.91391,3.03479,9.42951
273,1,40653.71524,46000.76423,172.1739,755.65374,16.71439,1.37972,10.15798
274,1,40938.50071,27174.14113,264.62502,1831.88568,10.77045,17.30755,32.08448
275,1,40956.67228,60876.53764,153.93673,807.02525,14.18172,2.27148,9.35557
276,1,40967.74479,44954.95383,144.98871,481.57674,13.89703,1.92724,11.52694
277,1,41031.69539,58776.36355,168.39762,290.20632,15.56223,1.99616,19.06617
278,1,41107.28138,59668.26729,165.69447,325.54122,16.25985,1.9197,17.16038
279,1,41309.47888,25672.82461,136.47666,573.01298,14.75807,1.79189,9.59909
280,1,41324.30743,62202.38897,187.62263,237.83306,12.61673,0.74578,19.79233
281,1,41583.36168,4706.87023,138.0989,199.24554,6.74699,0.51178,15.19875
282,1,41626.09097,29139.68924,139.27183,323.79841,15.72021,2.20053,14.49655
283,1,41746.02204,66888.2511,185.8812,347.50513,11.62688,1.00363,16.46093
284,1,41871.7497,27609.03122,152.6447,711.72913,20.24824,4.16477,11.8288
285,1,41909.84315,42244.27484,142.53639,506.85505,11.38999,1.2298,10.23456
286,1,42129.62322,53320.23183,137.53136,429.45861,17.77924,2.05051,11.78439
287,1,42287.40668,24981.31885,135.90484,468.29406,13.10798,1.43872,10.38269
288,1,42294.04272,29955.15677,150.09721,597.5856,14.68872,1.35731,9.97909
289,1,42293.85451,40513.8395,140.79312,578.99205,12.62218,1.77898,9.86025
290,1,42843.47182,11500.88176,150.94255,588.39909,10.57841,2.65607,11.49538
291,1,42845.96693,31730.61426,150.37189,454.17175,12.25699,0.82094,11.03551
292,1,42856.95886,58080.47991,191.60622,607.04519,16.02128,2.06997,14.08937
293,1,42797.44271,66320.76907,187.39141,421.1528,14.65781,1.28353,15.47208
294,1,43052.88519,39526.4778,161.40455,477.56774,12.68497,0.99157,11.77626
295,1,43133.4315,53270.12872,154.71996,1093.82411,19.77745,3.14015,8.38259
296,1,43151.32665,54578.58112,191.44117,881.99119,19.74117,1.3552,10.4258
297,1,43110.00879,58955.96377,149.65278,829.42933,18.02417,2.8487,9.34742
298,1,43436.37492,22583.25253,142.85829,487.68813,10.47784,1.05593,10.30493
299,1,43722.75534,9003.07473,143.88929,549.27859,9.94776,1.56038,10.19813
300,1,43903.95594,66748.35803,308.04657,1004.30677,10.58159,13.644,60.79997
301,1,44019.67729,12862.83044,142.3586,236.03611,8.08236,0.58665,14.45966
302,1,44193.90114,1140.13748,136.86127,128.68057,5.84203,0.47402,18.95101
303,1,44157.16587,66782.45379,267.27986,896.05699,10.84717,12.62028,48.47396
304,1,44328.19251,39082.94923,163.33703,317.3785,11.2759,0.81355,14.64019
305,1,44585.98475,8803.21183,135.09774,224.30019,9.92838,1.91175,16.99472
306,1,44729.92241,55836.09788,181.57663,370.87481,15.11926,0.74204,14.88536
307,1,45089.21331,74909.3352,202.83862,171.27939,8.3705,0.3871,24.02457
308,1,45274.27217,52268.384,171.52775,954.58566,15.59316,2.05005,9.39353
309,1,45173.087,63195.5898,180.76861,839.96248,12.84947,3.47236,12.34322
310,1,45424.57872,78174.41133,204.86956,224.36452,8.78485,0.53045,21.58809
311,1,45485.26247,15336.32701,141.50101,258.57799,9.09347,0.96395,14.38481
312,1,45500.73703,46439.97768,166.83868,301.23038,10.5437,0.9055,15.6271
313,1,45887.70391,49181.74989,158.28319,303.94013,10.21944,0.68352,14.24979
314,1,45862.84448,70687.78101,201.07638,619.16091,13.33339,1.41799,13.60157
315,1,46071.3365,26336.11771,143.50839,296.23441,10.00546,0.87787,13.37742
316,1,46146.42127,56015.44135,151.19035,924.16105,15.27758,2.14246,8.37578
317,1,46460.09577,81238.03032,185.40448,114.65675,8.99974,0.75535,29.97592
318,1,46804.45083,17714.50922,147.31737,617.8784,10.54344,2.32248,10.49859
319,1,46794.85704,38297.98443,159.89686,194.92494,9.40422,0.41427,17.5887
320,1,46821.65509,54538.88533,178.42573,271.34816,12.55136,0.82782,17.62752
321,1,46961.35047,29520.53703,151.0713,275.03535,9.89064,0.6291,14.2306
322,1,47007.18963,31381.43413,253.95734,798.87292,10.16147,11.87397,46.58631
323,1,47173.62918,59998.57525,189.81705,298.3273,11.00861,0.74596,17.63598
324,1,47355.23071,71867.8961,207.11733,206.08642,10.79554,0.59,23.19581
325,1,47377.56634,13775.82844,141.0247,358.97455,9.59913,0.9067,11.8515
326,1,47623.66254,3237.5085,162.18533,280.19869,8.26742,1.52231,17.32945
327,1,47976.78169,885.11405,136.46866,178.80427,6.71703,0.59993,16.13051
328,1,48139.58314,7409.87729,141.54058,248.55577,6.8687,0.64007,14.07889
329,1,48046.62223,26441.45991,139.06017,690.40988,12.83976,2.39541,9.25205
330,1,48163.99229,76782.45794,154.38078,216.75341,8.13406,0.37442,15.94472
331,1,48431.3195,71780.6868,172.48881,213.29555,12.14155,0.58525,18.66042
332,1,48961.9988,584.99804,165.64202,163.99425,6.93571,0.97811,22.36154
333,1,48979.48816,3415.54515,214.96392,700.79856,7.68723,8.04621,28.50565
334,1,49094.68649,80383.61449,184.85799,1088.10122,11.31086,4.34548,11.5391
335,1,49239.28002,39518.1793,141.2206,511.14619,9.81977,1.59068,10.44611
336,1,49376.40647,13801.13285,147.58004,614.42005,10.61693,1.78797,10.03999
337,1,49460.51964,70600.25814,188.24433,525.32626,15.80716,1.21832,13.55148
338,1,50067.82127,55056.20833,181.06309,299.34052,12.01747,0.76131,16.76537
339,1,50153.47721,57134.85401,167.87052,350.71215,11.60136,0.74272,14.12566
340,1,50203.78414,68164.0238,151.96612,654.45286,13.27041,1.35962,9.60981
341,1,50517.46226,15104.99445,137.41396,341.12741,9.19789,0.73541,11.64069
342,1,50712.70355,66258.85233,163.2552,1105.26485,14.24867,2.85508,8.67995
343,1,50679.51781,70598.85221,188.02669,459.87576,15.23794,1.23383,14.64924
344,1,50787.0735,18528.57476,219.74824,919.91881,9.62376,9.38227,26.16376
345,1,50841.89743,25975.74713,153.55404,724.25236,11.60168,2.25942,9.94337
346,1,51566.23256,60331.51752,146.47325,635.17876,12.51504,1.60725,9.6074
347,1,51789.3751,44108.7358,134.44305,816.72856,22.92087,15.2771,18.52504
348,1,52267.85354,43454.01071,132.95863,771.61876,23.08933,13.27287,17.18634
349,1,52235.64649,69688.37185,147.30941,533.63485,12.80456,0.9272,10.00215
350,1,52373.86662,32780.78333,155.32908,337.78156,9.62169,0.64316,13.12765
351,1,52330.58352,71904.99099,148.82092,487.04193,11.76164,0.75989,10.44974
352,1,52506.86795,5527.44065,157.57869,233.01328,7.28409,1.08399,17.48999
353,1,52762.75082,55365.15943,180.47519,364.1048,12.64803,0.63156,14.71225
354,1,52874.13617,14514.00335,143.58972,219.13728,8.50379,1.00337,16.15271
355,1,52878.56679,53741.27909,179.63977,645.52694,14.8698,1.53737,11.84434
356,1,52974.50361,10355.21969,144.40706,678.15627,9.8275,1.71673,9.20039
357,1,53075.76175,42361.84337,139.38671,527.96262,15.7604,4.03094,12.75541
358,1,53038.4384,65881.48676,148.66542,385.85266,11.03971,0.91518,12.04605
359,1,53355.34957,22573.24922,142.73679,511.74653,10.69928,1.21328,10.1786
360,1,53322.87004,42994.46424,184.98985,286.26241,16.09253,2.94333,25.26779
361,1,53541.39747,75346.32989,150.21569,204.51289,8.47279,0.69728,16.80986
362,1,53827.57817,18550.25595,259.99053,1166.63719,7.29602,15.99141,44.32342
363,1,53713.5823,70078.83773,172.55399,170.93491,11.24742,0.43447,20.49388
364,1,53813.74954,45740.21024,138.07033,487.40125,12.58161,1.14488,10.03347
365,1,53816.96311,61526.24751,163.18145,716.52727,13.29172,1.90723,10.37972
366,1,53760.31646,76278.55198,150.65303,236.20754,8.70451,0.55424,15.24867
367,1,53970.26928,18548.09427,244.76444,1014.79764,8.36243,14.35123,41.07932
368,1,54222.81161,42027.65097,164.44808,305.8319,13.62385,1.18418,15.88258
369,1,54626.96755,26686.50607,134.06428,380.04703,12.32617,2.13604,12.44806
370,1,54607.99792,51678.7757,157.64622,1166.97761,14.84809,2.67543,7.96133
371,1,54616.12752,68330.83437,182.89217,186.52737,10.98969,0.4333,20.76868
372,1,54755.22158,7627.58389,155.41069,218.80094,7.40494,1.15302,18.07428
373,1,54909.24223,27484.95318,139.13985,470.08123,13.40031,2.41771,11.73566
374,1,54929.48886,28843.04107,135.63647,324.47197,11.01191,1.14945,12.37671
375,1,54929.01365,30431.30918,157.45654,778.45791,12.14677,1.71542,9.33999
376,1,55058.8992,44364.36166,188.78442,342.58621,13.44721,2.57091,21.5745
377,1,55162.2898,45900.01183,155.01143,318.94064,12.59698,0.52489,13.31357
378,1,55352.2542,15050.15269,145.72834,137.61774,7.56797,0.44686,19.39243
379,1,55205.9644,54456.83162,144.94456,559.68621,13.46524,1.09095,9.72994
380,1,55228.2959,80104.79045,154.11876,278.81889,7.91991,0.59185,14.34778
381,1,55376.78846,887.28898,141.18624,345.07782,6.95442,1.15627,12.48512
382,1,55518.04136,59881.72063,143.35611,459.69249,11.61919,1.02048,10.64764
383,1,55790.63917,40687.49303,140.98681,571.38352,11.68221,1.37495,9.58859
384,1,55730.24035,44215.19428,137.84729,539.00119,15.3512,3.03938,11.31001
385,1,56064.71918,1669.37018,130.70585,108.7851,6.81294,1.03594,22.11957
386,1,56079.60926,16074.43223,141.30604,244.94371,8.33412,0.69429,14.27078
387,1,56284.67661,22825.2843,311.42077,2918.02209,11.21782,28.22042,43.5726
388,1,56068.46454,69077.48397,185.75145,214.4752,10.71667,0.46426,19.68483
389,1,56246.80268,53424.08036,163.34207,398.36344,13.68025,0.71885,12.7652
390,1,56279.21402,66204.13656,145.59226,307.69812,10.15949,0.71412,13.02974
391,1,56382.07587,4277.24229,138.03658,246.07188,6.57082,0.69792,13.90198
392,1,56306.62759,22765.80086,289.22674,2850.04442,10.27417,27.50973,37.81656
393,1,56386.53096,34015.32469,135.50697,461.38489,11.14351,1.58371,10.5892
394,1,56512.15186,525.03682,134.31009,86.14582,5.96661,0.53722,23.47847
395,1,56823.678,19433.35492,142.53532,327.35601,9.8065,0.89442,12.59208
396,1,56822.86278,59211.23242,142.84236,272.99305,10.56011,0.53357,13.32784
397,1,57080.21928,67984.85544,178.15798,214.28177,10.14081,0.54151,19.11311
398,1,57142.25601,35152.91611,146.62083,318.25224,10.23214,0.83814,13.0841
399,1,57388.22401,54688.53793,174.98627,356.40587,14.17245,0.83988,14.82853
400,1,57396.02846,72533.72775,148.4626,279.84544,9.94553,0.6564,13.8963
401,1,57596.89069,74164.68471,263.59521,827.83749,8.2479,9.77111,40.81933
402,1,57596.06003,74197.60089,266.38031,849.47597,7.97969,9.67132,40.27883
403,1,57805.31952,39040.00087,162.1664,379.56505,11.01806,0.6472,12.89401
404,1,58037.56684,9732.80083,134.50081,200.6054,8.69313,1.46257,16.96706
405,1,57999.2693,21391.18876,154.99358,981.78069,14.29967,3.11793,8.96541
406,1,58396.70225,64948.31451,193.03442,596.01245,12.3549,1.20656,12.94172
407,1,58503.92084,8820.19292,152.86118,254.09844,8.96185,1.29689,16.59673
408,1,58780.07811,10094.2659,135.24399,238.90199,8.874,1.35074,15.12048
409,1,59020.8632,44050.70872,153.70142,402.73037,10.73029,0.80581,12.03233
410,1,58914.42799,63731.30867,143.3864,570.62254,12.67609,1.50061,9.88432
411,1,59169.19142,3502.44557,161.23273,199.16326,6.67506,1.25101,20.29493
412,1,59045.01297,38283.84313,137.79345,571.39974,12.25752,1.55862,9.51346
413,1,59171.95008,54755.65545,180.11237,1726.22323,18.12557,7.39336,10.01522
414,1,59054.80148,72774.41667,261.10691,428.636,11.35933,2.59285,28.9412
415,1,59357.15026,28447.16022,152.87813,305.57445,9.13657,0.65916,13.66076
416,1,59341.49782,71846.10547,219.04894,204.59867,9.72482,1.1023,27.94249
417,1,59308.62008,77138.40637,152.22044,255.13342,8.04013,0.49938,14.6731
418,1,59665.38857,69564.62194,191.36539,244.01497,9.97537,0.5067,19.08172
419,1,59941.73027,51692.04381,140.0848,428.47688,13.13211,1.73667,11.6527
420,1,60162.23128,30356.70691,139.4153,523.91612,10.69363,1.62236,10.18617
421,1,60132.75482,52701.2423,137.18493,525.96825,17.75099,4.77349,13.40566
422,1,60228.39331,6752.78346,136.01825,190.11865,6.47639,0.54764,15.42849
423,1,60191.80567,37237.97908,139.48621,626.38371,11.86969,1.67193,9.23841
424,1,60288.17458,53463.40875,175.05884,458.08395,17.94448,1.62816,14.24892
425,1,60171.99079,80325.81384,197.88892,96.59765,7.28425,0.27281,31.00608
426,1,60563.18862,9543.92022,159.87791,296.22035,8.13696,1.54582,16.52665
427,1,60629.1015,76623.82578,182.99215,276.61945,9.13758,0.68485,17.50508
428,1,60688.71066,11776.67989,139.12924,226.2094,7.19209,0.48924,14.26435
429,1,60699.65483,64010.3261,142.99607,328.00197,10.6897,0.62555,12.22887
430,1,60925.05275,32367.88704,140.38453,614.85082,11.39028,1.72004,9.44251
431,1,60927.35365,44956.65841,167.78967,420.61993,11.3305,0.92489,13.06904
432,1,60804.97053,47246.10008,140.13978,490.28377,11.10333,1.28605,10.29778
433,1,61207.6967,24804.7435,142.46724,202.01158,8.24209,0.68886,15.98803
434,1,61177.64381,40760.51559,160.6068,347.46881,10.75567,0.84499,13.73209
435,1,61136.36107,67383.91985,175.62319,551.57896,11.52984,0.95329,11.84431
436,1,61379.08105,54537.96701,143.73203,610.51452,17.53527,1.29537,9.36279
437,1,61391.72904,58826.95046,177.007,655.24394,13.59816,1.02008,10.93706
438,1,61635.49468,9793.25026,157.02586,166.84313,7.47133,0.82854,20.24513
439,1,61838.60135,13822.48895,139.17788,301.22072,7.29489,0.85467,12.79911
440,1,62274.4636,56814.79424,259.61848,899.25539,11.49925,9.89101,37.20623
441,1,62677.21016,7270.85792,137.33271,216.71702,6.45843,0.75746,14.9503
442,1,63008.49149,33876.93452,138.55631,463.20303,10.16978,1.17877,10.39403
443,1,63096.61626,30096.59856,147.80919,450.03693,9.5631,1.24395,11.39216
444,1,63091.20522,50005.37582,154.93451,336.08255,10.2047,0.58155,13.0303
445,1,63482.69336,54535.84567,195.98529,2013.74284,21.61874,5.13974,8.71307
446,1,63618.36751,24400.55853,145.98967,199.29942,8.67467,0.46641,15.97145
447,1,63624.13129,40988.96277,167.61993,1176.83911,15.02448,2.55465,8.41981
448,1,63573.83427,79978.01051,202.15761,405.68217,9.47217,2.26667,20.08856
449,1,63587.33345,80579.09945,265.41354,373.43142,7.91862,2.12121,29.93115
450,1,63995.74758,22783.87184,155.51333,893.53333,11.10866,1.92348,8.6597
451,1,64629.05695,19736.1814,145.78657,378.83195,9.98298,2.07883,13.66246
452,1,64544.04025,67568.62744,193.67162,156.74059,8.28102,0.38656,24.00656
453,1,65190.6567,54770.54458,142.5559,599.88727,15.41961,1.2954,9.37335
454,1,65505.6243,19322.86094,149.29659,498.53276,10.93497,2.18974,11.99957
455,1,65892.12949,71604.56586,190.27706,170.71786,7.74254,0.33684,22.26674
456,1,65930.47033,60143.56078,141.07679,223.81764,8.83045,0.39964,14.37386
457,1,66221.09631,29444.86151,148.3616,214.4641,7.80556,0.45899,15.59427
458,1,66186.70566,52336.94596,138.89108,343.37003,10.55578,0.80928,11.8236
459,1,66144.15807,64346.84951,163.02319,191.56412,9.69933,0.70707,19.05924
460,1,66302.52735,66034.0607,184.06814,196.27383,9.13306,0.46155,20.44959
461,1,66526.23148,40384.30626,150.00833,516.85888,10.04839,1.09964,10.54922
462,1,66666.76115,62918.04314,134.81347,259.00143,11.38499,2.46946,16.66469
463,1,66583.6712,74598.23744,145.35246,200.0862,7.29764,0.35559,15.61269
464,1,66876.02301,68354.88183,169.87246,159.61061,8.26165,0.37215,20.67302
465,1,66964.23633,13041.80928,140.84595,233.65181,6.68142,0.73368,14.67502
466,1,66937.81328,23231.58214,142.0802,230.8681,8.37738,0.56001,14.55103
467,1,67107.52011,26049.07136,371.8237,1459.89296,2.8107,15.02618,66.26571
468,1,67090.75527,48605.86179,140.21956,368.53945,9.64863,1.02635,11.76706
469,1,67049.00642,63668.47987,184.51891,227.09959,10.54906,0.80601,20.17597
470,1,67086.80585,26116.99723,388.45803,1469.29667,5.7116,14.67728,70.04601
471,1,67395.71176,2745.05806,122.09158,84.87234,6.59242,1.8535,28.29126
472,1,67375.67335,80612.64411,180.55328,220.68305,7.61077,0.47598,18.85384
473,1,67597.63654,3507.02141,119.3244,136.81168,8.26395,3.1618,24.55157
474,1,67684.0874,7643.13811,177.45342,368.78995,7.06959,1.60822,16.47907
475,1,67798.3134,56557.87266,160.2086,182.29107,9.23582,0.35928,18.09782
476,1,67859.41626,70165.32886,171.72295,333.69491,8.842,0.56937,14.51946
477,1,68191.60021,3784.45127,112.08733,86.69886,8.93139,3.83896,35.67918
478,1,68265.40412,78687.6323,181.60093,202.7753,7.51415,0.43641,19.71592
479,1,68643.97733,16442.21781,137.97129,169.18824,8.51941,1.10258,18.26732
480,1,68810.85627,4237.15455,129.85439,101.02038,6.82333,1.64248,26.00854
481,1,68845.46504,43721.5616,152.80186,417.08709,9.09101,0.81816,11.749
482,1,68882.0762,49346.96793,159.03067,191.08401,11.23775,0.79466,18.87268
483,1,68877.21204,59091.07116,173.36299,153.71149,8.6315,0.40986,21.70785
484,1,69033.34784,15490.99835,136.90473,308.56332,12.04468,4.71261,19.69505
485,1,69365.20103,62097.21782,176.08602,303.78237,9.92934,0.64906,15.86531
486,1,69436.47385,75333.18756,179.27761,196.93487,7.06786,0.40277,19.64051
487,1,69520.63817,20676.80513,144.61346,222.40145,7.73879,0.69759,15.42073
488,1,69532.66393,22270.826,134.9215,150.63546,7.908,0.52937,17.30885
489,1,69552.34708,65454.90995,143.33742,502.70556,10.89969,2.21205,11.41394
490,1,69585.20424,79318.45756,172.0557,133.85988,7.12745,0.26467,22.51111
491,1,69706.42061,15990.55521,131.69373,314.09085,13.93224,5.26932,19.52126
492,1,70068.6287,52849.01895,172.95432,261.42349,9.6781,0.47125,16.4433
493,1,70227.71142,68142.3043,143.38317,305.81313,8.14062,0.42216,12.43329
494,1,70274.22982,48921.34548,158.37575,1373.65234,15.25994,4.86515,8.40941
495,1,70364.24311,63765.39879,140.74203,258.1214,8.58139,0.38452,13.28037
496,1,70188.17499,65832.03359,155.85381,147.47791,10.2491,3.27473,34.48352
497,1,70622.06827,2681.20195,188.16911,465.79196,10.91498,3.31589,19.19368
498,1,70826.1578,34382.30967,153.055,226.93713,7.64136,0.57115,15.87818
499,1,70877.0278,59745.43558,141.64744,284.17704,9.00674,0.80939,13.386
500,1,71029.55101,22955.43164,142.34163,527.45096,8.96531,1.1112,9.88359
501,1,70895.63921,27865.31249,136.72552,330.2463,9.52692,1.35003,12.65394
502,1,70901.98353,54471.3395,177.45183,222.05362,9.19375,0.54029,18.66099
503,1,71120.17392,47319.20534,163.71963,119.35494,9.22586,0.48787,23.87359
504,1,71214.5446,50909.19898,155.7809,855.3657,13.68736,5.59477,12.02687
505,1,71394.67202,74137.64452,174.00489,198.08888,7.25611,0.38753,18.9327
506,1,71603.5485,9102.15738,161.55857,116.64847,5.86901,0.61608,24.54708
507,1,71782.61628,28493.0288,137.90588,326.4573,9.50243,1.24864,12.70368
508,1,71463.03704,50848.68988,307.17658,1258.56937,10.26454,19.75028,68.62357
509,1,72003.40227,20911.21789,141.59008,193.41973,7.22539,0.46667,15.73415
510,1,72128.82575,33300.4735,137.96435,279.67832,7.77328,0.92881,13.33803
511,1,72061.71319,55791.61515,143.7725,589.91256,10.4133,1.29772,9.54876
512,1,72268.41262,46650.5571,151.16437,250.14927,8.69235,0.61644,14.96587
513,1,72516.06947,59618.01143,144.71507,482.92698,9.60844,1.00026,10.44384
514,1,72717.78913,13761.3189,159.74086,222.68991,6.95103,1.21121,18.63336
515,1,72815.47446,44093.48132,148.71683,264.32786,7.72899,0.60779,14.26561
516,1,72979.36845,5931.50238,136.44138,113.05063,5.50912,0.44801,20.16953
517,1,73212.00583,69633.1488,143.04775,182.48921,6.69574,0.32766,16.06139
518,1,73472.26493,7633.58782,172.58344,148.19658,5.9664,0.79182,23.92253
519,1,73738.5846,35285.30552,136.57924,216.80299,7.36243,0.72771,14.79933
520,1,74620.57472,61864.613,142.17062,169.30427,7.05164,0.31708,16.5772
521,1,75462.6475,5983.70948,190.18378,268.96261,6.30435,1.43633,21.19888
522,1,75542.58666,7482.61813,173.12337,143.68837,6.02333,0.76459,24.29847
523,1,75582.23009,19226.55352,151.22173,253.4267,7.50364,1.12717,16.01072
524,1,76198.7746,12830.34033,160.81744,136.70689,5.89836,0.63773,22.42247
525,1,76190.29092,28185.27514,141.08411,239.39474,7.92595,0.81394,14.66764
526,1,76679.08391,10132.21661,167.74201,88.9847,5.49401,0.49197,28.92007
527,1,76674.49021,27230.34408,141.22905,210.9298,8.09823,0.5756,15.21782
528,1,76784.18424,66111.61224,180.06643,82.7971,6.18276,0.28852,30.66703
529,1,76690.2552,70959.57306,141.77764,298.17778,7.002,0.56998,12.67509
530,1,76886.22745,18109.48696,159.15525,362.43337,8.44858,1.79219,15.02352
531,1,76929.96335,25118.1826,154.66027,404.93685,8.59235,1.82468,13.62857
532,1,77105.54651,53009.10382,153.48647,344.93866,8.11572,0.66052,12.84851
533,1,77455.73001,73244.78437,141.84124,120.31956,5.95434,0.28174,19.67008
534,1,78071.42354,1063.94224,137.03971,92.43124,4.7018,0.2914,21.88265
535,1,77929.07843,2535.79242,120.26028,64.69709,5.42206,1.61571,31.77182
536,1,78119.93103,44055.83886,125.14632,196.10129,9.96556,2.65242,18.77286
537,1,78320.157,28954.35927,232.71873,602.83849,6.77364,6.7493,32.62951
538,1,78238.08068,52195.23934,160.32578,134.03593,7.59277,0.42611,21.62449
539,1,78266.47656,57224.50899,165.77013,137.94771,6.88823,0.34943,21.69967
540,1,78511.38265,3080.57939,123.28296,63.50063,5.4695,1.55715,32.74861
541,1,78842.61643,44262.54047,123.76195,125.76755,12.56027,4.44648,33.45961
542,1,78762.52101,63152.93921,138.55562,210.75934,6.99752,0.48009,14.73255
543,1,79008.57829,53375.67864,135.96895,179.97379,7.91577,0.55401,15.90198
544,1,79120.62681,10909.93183,135.07291,70.55017,5.00149,0.19537,24.36048
545,1,79237.30801,5554.71716,135.98781,60.8769,4.42743,0.23051,26.71747
546,1,79413.63529,43715.86629,254.02747,641.71051,9.15848,7.95147,40.70938
547,1,79811.2039,53604.12779,145.3438,132.79867,8.18705,1.16895,22.71154
548,1,79779.45086,60849.62592,171.44051,138.22297,6.90099,0.35389,22.46204
549,1,79793.15103,68670.08675,176.07272,168.51438,6.63301,0.36843,20.82251
550,1,79955.97703,25500.84932,141.52668,128.01467,6.55918,0.31212,19.09964
551,1,79946.5877,57823.80133,167.28287,125.11974,6.832,0.26961,22.69373
552,1,79892.09796,62461.90228,173.72966,97.38154,6.82123,0.25282,26.83199
553,1,80831.71934,27558.9614,144.88676,115.85799,6.27778,0.30646,20.59116
554,1,81320.9171,29309.48702,138.87367,210.98926,7.59595,0.73615,15.30445
